Title,Source
ç§Ÿæˆ¿(è‰¾å§†èµ«æ–¯ç‰¹Elmhurst),https://c.dadi360.com/c/forums/list.page
ç§Ÿæˆ¿(çš‡åQueens)åŠå…¶å®ƒåŒº,https://c.dadi360.com/c/forums/list.page
çº½çº¦ä¸­é¤é¦†Â·å°åƒ--çš‡ååŒºï¼Œæ³•æ‹‰ç››,https://c.dadi360.com/c/forums/list.page
çº½çº¦ä¸­é¤é¦†Â·å°åƒ -- å¸ƒç¢Œä»‘ (Brooklyn),https://c.dadi360.com/c/forums/list.page
ç§Ÿæˆ¿(è‰¾å§†èµ«æ–¯ç‰¹Elmhurst),https://c.dadi360.com/c/forums/list.page
ç§Ÿæˆ¿(æ³•æ‹‰ç››Flushingä¸­å¿ƒåŒº),https://c.dadi360.com/c/forums/list.page
è€å¸ˆÂ·å¸æœºÂ·å…¼èŒâ€¢é”€å”®Â·å®ä¹ â€¢ä¹‰å·¥æ‹›è˜,https://c.dadi360.com/c/forums/list.page
ç”Ÿæ´»æœåŠ¡Â·å®¶æ”¿Â·ç…§ç›¸Â·åº­é™¢Â·åƒåœ¾,https://c.dadi360.com/c/forums/list.page
ç§Ÿæˆ¿(è‰¾å§†èµ«æ–¯ç‰¹Elmhurst),https://c.dadi360.com/c/posts/list/3975628.page
ç§Ÿæˆ¿(çš‡åQueens)åŠå…¶å®ƒåŒº,https://c.dadi360.com/c/posts/list/3975628.page
çº½çº¦ä¸­é¤é¦†Â·å°åƒ--çš‡ååŒºï¼Œæ³•æ‹‰ç››,https://c.dadi360.com/c/posts/list/3975628.page
çº½çº¦ä¸­é¤é¦†Â·å°åƒ -- å¸ƒç¢Œä»‘ (Brooklyn),https://c.dadi360.com/c/posts/list/3975628.page
å²è’‚æ–‡å¾‹å¸ˆæ¥¼ï½œ45å¹´ç»éªŒï½œäº¤é€šäº‹æ•…ï½œå·¥ä¼¤ï½œæ»‘å€’ï½œåŒ»ç–—äº‹æ•…ï½œä¸­æ–‡æœåŠ¡ï½œå…è´¹å’¨è¯¢ï½œ212-481-5275,https://c.dadi360.com/c/posts/list/3975628.page
www.LourosLawNY.com,https://c.dadi360.com/c/posts/list/3975628.page
ç§Ÿæˆ¿(è‰¾å§†èµ«æ–¯ç‰¹Elmhurst),https://c.dadi360.com/c/posts/list/3936338.page
ç§Ÿæˆ¿(çš‡åQueens)åŠå…¶å®ƒåŒº,https://c.dadi360.com/c/posts/list/3936338.page
çº½çº¦ä¸­é¤é¦†Â·å°åƒ--çš‡ååŒºï¼Œæ³•æ‹‰ç››,https://c.dadi360.com/c/posts/list/3936338.page
çº½çº¦ä¸­é¤é¦†Â·å°åƒ -- å¸ƒç¢Œä»‘ (Brooklyn),https://c.dadi360.com/c/posts/list/3936338.page
ğŸ‘ğŸ‘ğŸ‘æˆ¿å±‹è´·æ¬¾ å•†ä¸šè´·æ¬¾ å»ºç­‘è´·æ¬¾ ä¸æŸ¥æ”¶å…¥/èº«ä»½ æœ€å¿«24å°æ—¶æ‰¹æ¬¾ã€æ¯…å¿—é›†å›¢ã€‘516-210-5520 çº½çº¦åŠç¾å›½50ä¸ªå·ä¸“ä¸šè´·æ¬¾å›¢é˜Ÿ æ³•æ‹‰ç››åä¸‰å¹´è€å­—å·,https://c.dadi360.com/c/posts/list/3936338.page
ç§Ÿæˆ¿(è‰¾å§†èµ«æ–¯ç‰¹Elmhurst),https://c.dadi360.com/c/posts/list/2877313.page
ç§Ÿæˆ¿(çš‡åQueens)åŠå…¶å®ƒåŒº,https://c.dadi360.com/c/posts/list/2877313.page
çº½çº¦ä¸­é¤é¦†Â·å°åƒ--çš‡ååŒºï¼Œæ³•æ‹‰ç››,https://c.dadi360.com/c/posts/list/2877313.page
çº½çº¦ä¸­é¤é¦†Â·å°åƒ -- å¸ƒç¢Œä»‘ (Brooklyn),https://c.dadi360.com/c/posts/list/2877313.page
info@dadi360.com,https://c.dadi360.com/c/posts/list/2877313.page
æ€æ ·åœ¨å¤§åœ°360ç½‘ç«™è‡ªè¡Œæ³¨å†Œå…è´¹è´¦å·,https://c.dadi360.com/c/posts/list/2877313.page
info@dadi360.com,https://c.dadi360.com/c/posts/list/2877313.page
ç§Ÿæˆ¿(è‰¾å§†èµ«æ–¯ç‰¹Elmhurst),https://c.dadi360.com/c/posts/list/2873669.page
ç§Ÿæˆ¿(çš‡åQueens)åŠå…¶å®ƒåŒº,https://c.dadi360.com/c/posts/list/2873669.page
çº½çº¦ä¸­é¤é¦†Â·å°åƒ--çš‡ååŒºï¼Œæ³•æ‹‰ç››,https://c.dadi360.com/c/posts/list/2873669.page
çº½çº¦ä¸­é¤é¦†Â·å°åƒ -- å¸ƒç¢Œä»‘ (Brooklyn),https://c.dadi360.com/c/posts/list/2873669.page
ğŸ’²ğŸ’²ğŸ’²æä¿¡èµ„æœ¬ä¸“ä¸ºä¸­å°ä¼ä¸šæä¾›æ— æŠµæŠ¼å•†ä¸šè´·æ¬¾ï¼Œæ— éœ€ä»»ä½•æ‹…ä¿ï¼Œé¢åº¦é«˜è¾¾$50ä¸‡ å…¨ç¾50å·æœ€å¿«24å°æ—¶å†…å¯åˆ°è´¦ğŸ’²ğŸ’²ğŸ’²,https://c.dadi360.com/c/posts/list/2873669.page
ç§Ÿæˆ¿(è‰¾å§†èµ«æ–¯ç‰¹Elmhurst),https://c.dadi360.com/c/posts/list/1219909.page
ç§Ÿæˆ¿(çš‡åQueens)åŠå…¶å®ƒåŒº,https://c.dadi360.com/c/posts/list/1219909.page
çº½çº¦ä¸­é¤é¦†Â·å°åƒ--çš‡ååŒºï¼Œæ³•æ‹‰ç››,https://c.dadi360.com/c/posts/list/1219909.page
çº½çº¦ä¸­é¤é¦†Â·å°åƒ -- å¸ƒç¢Œä»‘ (Brooklyn),https://c.dadi360.com/c/posts/list/1219909.page
â—ï¸æ­å‰‘è”åˆå¾‹å¸ˆäº‹åŠ¡æ‰€ - ä»£ç†é›‡ä¸»ï¼šåŠ³å·¥éƒ¨çªæŸ¥ æ³•é™¢åº”è¯‰ - ä»£ç†é›‡å‘˜ï¼šå·¥èµ„è¿½å¿ æ­§è§†è¯‰è®¼,https://c.dadi360.com/c/posts/list/1219909.page
jhang@hanglaw.com,https://c.dadi360.com/c/posts/list/1219909.page
ç§Ÿæˆ¿(è‰¾å§†èµ«æ–¯ç‰¹Elmhurst),http://c.dadi360.com/c/posts/list/2877313.page
ç§Ÿæˆ¿(çš‡åQueens)åŠå…¶å®ƒåŒº,http://c.dadi360.com/c/posts/list/2877313.page
çº½çº¦ä¸­é¤é¦†Â·å°åƒ--çš‡ååŒºï¼Œæ³•æ‹‰ç››,http://c.dadi360.com/c/posts/list/2877313.page
çº½çº¦ä¸­é¤é¦†Â·å°åƒ -- å¸ƒç¢Œä»‘ (Brooklyn),http://c.dadi360.com/c/posts/list/2877313.page
info@dadi360.com,http://c.dadi360.com/c/posts/list/2877313.page
æ€æ ·åœ¨å¤§åœ°360ç½‘ç«™è‡ªè¡Œæ³¨å†Œå…è´¹è´¦å·,http://c.dadi360.com/c/posts/list/2877313.page
info@dadi360.com,http://c.dadi360.com/c/posts/list/2877313.page
ç§Ÿæˆ¿(è‰¾å§†èµ«æ–¯ç‰¹Elmhurst),https://c.dadi360.com/c/posts/list/3520393.page
ç§Ÿæˆ¿(çš‡åQueens)åŠå…¶å®ƒåŒº,https://c.dadi360.com/c/posts/list/3520393.page
çº½çº¦ä¸­é¤é¦†Â·å°åƒ--çš‡ååŒºï¼Œæ³•æ‹‰ç››,https://c.dadi360.com/c/posts/list/3520393.page
çº½çº¦ä¸­é¤é¦†Â·å°åƒ -- å¸ƒç¢Œä»‘ (Brooklyn),https://c.dadi360.com/c/posts/list/3520393.page
æ³•æ‹‰ç››é˜³å…‰ç—›ç—‡è¯Šæ‰€ é›†ç‰©ç†æ²»ç–—ï¼Œé’ˆç¸ï¼ŒæŒ‰æ‘©ï¼Œè„Šæ¤çŸ«æ­£ç­‰æœåŠ¡ä¸ºä¸€ä½“çš„åº·å¤è¯Šæ‰€ ç´¢èµ”ï¼Œ æ²»ç–—ï¼Œä¿®è½¦ä¸€æ¡é¾™æœåŠ¡,https://c.dadi360.com/c/posts/list/3520393.page
ç§Ÿæˆ¿(è‰¾å§†èµ«æ–¯ç‰¹Elmhurst),https://c.dadi360.com/c/posts/list/3918848.page
ç§Ÿæˆ¿(çš‡åQueens)åŠå…¶å®ƒåŒº,https://c.dadi360.com/c/posts/list/3918848.page
çº½çº¦ä¸­é¤é¦†Â·å°åƒ--çš‡ååŒºï¼Œæ³•æ‹‰ç››,https://c.dadi360.com/c/posts/list/3918848.page
çº½çº¦ä¸­é¤é¦†Â·å°åƒ -- å¸ƒç¢Œä»‘ (Brooklyn),https://c.dadi360.com/c/posts/list/3918848.page
ğŸ’„å–„æºç¾ä¸šæ˜¯æ‚¨çš„ä¸€ç«™å¼ç¾å®¹ä¸­å¿ƒ ä¹Ÿæä¾›ä¸“ä¸šç¾å®¹åŸ¹è®­ å¤§é‡æ‹›æ”¶ç¾ç”²å­¦å‘˜ï¼Œå­¦å¥½ç•™åº—ï¼æ‹›æ”¶ç¾å®¹åŒ»ç¾åŸ¹è¨“å­¦å‘˜,https://c.dadi360.com/c/posts/list/3918848.page
https://www.shanyuanbeauty.net/,https://c.dadi360.com/c/posts/list/3918848.page
ç§Ÿæˆ¿(è‰¾å§†èµ«æ–¯ç‰¹Elmhurst),https://c.dadi360.com/c/posts/list/3713064.page
ç§Ÿæˆ¿(çš‡åQueens)åŠå…¶å®ƒåŒº,https://c.dadi360.com/c/posts/list/3713064.page
çº½çº¦ä¸­é¤é¦†Â·å°åƒ--çš‡ååŒºï¼Œæ³•æ‹‰ç››,https://c.dadi360.com/c/posts/list/3713064.page
çº½çº¦ä¸­é¤é¦†Â·å°åƒ -- å¸ƒç¢Œä»‘ (Brooklyn),https://c.dadi360.com/c/posts/list/3713064.page
å•†é“ºç§Ÿè®©ä¹°å–Â·åŠå…¬å®¤ç§Ÿè®©ä¹°å–Â·ç”Ÿæ„ç§Ÿè®©ä¹°å–Â·ä»“åº“ç§Ÿè®©Â·åˆä½œä¼™ä¼´,https://c.dadi360.com/c/posts/list/3713064.page
å›å¤:ğŸˆğŸˆğŸˆçº½çº¦åº—é“ºä¹°å–æ‰¾æ±Ÿå†›ğŸˆğŸˆğŸˆ,https://c.dadi360.com/c/posts/list/3713064.page
å•†é“ºç§Ÿè®©ä¹°å–Â·åŠå…¬å®¤ç§Ÿè®©ä¹°å–Â·ç”Ÿæ„ç§Ÿè®©ä¹°å–Â·ä»“åº“ç§Ÿè®©Â·åˆä½œä¼™ä¼´,https://c.dadi360.com/c/posts/list/3713064.page
ç§Ÿæˆ¿(è‰¾å§†èµ«æ–¯ç‰¹Elmhurst),https://c.dadi360.com/c/posts/list/3649787.page
ç§Ÿæˆ¿(çš‡åQueens)åŠå…¶å®ƒåŒº,https://c.dadi360.com/c/posts/list/3649787.page
çº½çº¦ä¸­é¤é¦†Â·å°åƒ--çš‡ååŒºï¼Œæ³•æ‹‰ç››,https://c.dadi360.com/c/posts/list/3649787.page
çº½çº¦ä¸­é¤é¦†Â·å°åƒ -- å¸ƒç¢Œä»‘ (Brooklyn),https://c.dadi360.com/c/posts/list/3649787.page
æ‰è‰ºç­Â·èŒä¸šæŠ€æœ¯åŸ¹è®­Â·æ‹›å­¦å¾’â€¢é™ªç»ƒÂ·æˆäººè‹±è¯­,https://c.dadi360.com/c/posts/list/3649787.page
ğŸ“šåº·æ™®èŒä¸šå­¦é™¢ğŸ“šå·æ•™è‚²å±€æ³¨å†Œ|å·åŠ³å·¥å±€æ³¨å†Œ âˆšèŒä¸šåŸ¹è®­:ç”µè„‘|åŒ»ç–—|è´¢ä¼š|å»ºç­‘å®‰å…¨|MTAæ·è¿å±€|SAT|å¤§å­¦è§„åˆ’ç”³è¯·,https://c.dadi360.com/c/posts/list/3649787.page
æ‰è‰ºç­Â·èŒä¸šæŠ€æœ¯åŸ¹è®­Â·æ‹›å­¦å¾’â€¢é™ªç»ƒÂ·æˆäººè‹±è¯­,https://c.dadi360.com/c/posts/list/3649787.page
ç§Ÿæˆ¿(è‰¾å§†èµ«æ–¯ç‰¹Elmhurst),https://c.dadi360.com/c/posts/list/3464496.page
ç§Ÿæˆ¿(çš‡åQueens)åŠå…¶å®ƒåŒº,https://c.dadi360.com/c/posts/list/3464496.page
çº½çº¦ä¸­é¤é¦†Â·å°åƒ--çš‡ååŒºï¼Œæ³•æ‹‰ç››,https://c.dadi360.com/c/posts/list/3464496.page
çº½çº¦ä¸­é¤é¦†Â·å°åƒ -- å¸ƒç¢Œä»‘ (Brooklyn),https://c.dadi360.com/c/posts/list/3464496.page
æ‹›è˜ï¼šä¼šè®¡â€¢æ•™å¸ˆâ€¢åŠ©æ•™â€¢ç‰©æµâ€¢ä»“åº“â€¢é€è´§å‘˜â€¢å¸æœºâ€¢é”€å”®â€¢åº—å‘˜â€¢å…¼èŒâ€¢æ•£å·¥,https://c.dadi360.com/c/posts/list/3464496.page
å¤§åœ°360éƒ‘é‡å£°æ˜ï¼šå¤§åœ°360æ²¡æœ‰ä»»ä½•æ–°ç‰ˆï¼ï¼ï¼æœ‰éª—å­ç½‘ç«™è‡ªç§°æ˜¯â€œå¤§åœ°360-æ–°ç‰ˆâ€ è¯·è®¤æ¸…ç½‘å€ï¼Œä»¥å…å—éª—,https://c.dadi360.com/c/posts/list/3464496.page
æ‹›è˜ï¼šä¼šè®¡â€¢æ•™å¸ˆâ€¢åŠ©æ•™â€¢ç‰©æµâ€¢ä»“åº“â€¢é€è´§å‘˜â€¢å¸æœºâ€¢é”€å”®â€¢åº—å‘˜â€¢å…¼èŒâ€¢æ•£å·¥,https://c.dadi360.com/c/posts/list/3464496.page
ç§Ÿæˆ¿(è‰¾å§†èµ«æ–¯ç‰¹Elmhurst),https://www.dadi360.com/news/posts/list/463388.page
ç§Ÿæˆ¿(çš‡åQueens)åŠå…¶å®ƒåŒº,https://www.dadi360.com/news/posts/list/463388.page
çº½çº¦ä¸­é¤é¦†Â·å°åƒ--çš‡ååŒºï¼Œæ³•æ‹‰ç››,https://www.dadi360.com/news/posts/list/463388.page
çº½çº¦ä¸­é¤é¦†Â·å°åƒ -- å¸ƒç¢Œä»‘ (Brooklyn),https://www.dadi360.com/news/posts/list/463388.page
çº½çº¦å²ä¸Šæœ€å¤§è§„æ¨¡ï¼š1.5ä¸‡æŠ¤å£«ç½¢å·¥,https://www.dadi360.com/news/posts/list/463388.page
ç§Ÿæˆ¿(è‰¾å§†èµ«æ–¯ç‰¹Elmhurst),https://www.dadi360.com/news/posts/list/463387.page
ç§Ÿæˆ¿(çš‡åQueens)åŠå…¶å®ƒåŒº,https://www.dadi360.com/news/posts/list/463387.page
çº½çº¦ä¸­é¤é¦†Â·å°åƒ--çš‡ååŒºï¼Œæ³•æ‹‰ç››,https://www.dadi360.com/news/posts/list/463387.page
çº½çº¦ä¸­é¤é¦†Â·å°åƒ -- å¸ƒç¢Œä»‘ (Brooklyn),https://www.dadi360.com/news/posts/list/463387.page
çº½çº¦å¸‚è€—èµ„400ä¸‡æ‰©å»ºå…¬å…±å«ç”Ÿé—´,https://www.dadi360.com/news/posts/list/463387.page
ç§Ÿæˆ¿(è‰¾å§†èµ«æ–¯ç‰¹Elmhurst),https://www.dadi360.com/news/posts/list/463386.page
ç§Ÿæˆ¿(çš‡åQueens)åŠå…¶å®ƒåŒº,https://www.dadi360.com/news/posts/list/463386.page
çº½çº¦ä¸­é¤é¦†Â·å°åƒ--çš‡ååŒºï¼Œæ³•æ‹‰ç››,https://www.dadi360.com/news/posts/list/463386.page
çº½çº¦ä¸­é¤é¦†Â·å°åƒ -- å¸ƒç¢Œä»‘ (Brooklyn),https://www.dadi360.com/news/posts/list/463386.page
å¸ƒé²å…‹æ—ä¸€æ°§åŒ–ç¢³æ³„æ¼ï¼Œè‡³å°‘8äººé€åŒ»,https://www.dadi360.com/news/posts/list/463386.page
ç§Ÿæˆ¿(è‰¾å§†èµ«æ–¯ç‰¹Elmhurst),https://www.dadi360.com/news/posts/list/463385.page
ç§Ÿæˆ¿(çš‡åQueens)åŠå…¶å®ƒåŒº,https://www.dadi360.com/news/posts/list/463385.page
çº½çº¦ä¸­é¤é¦†Â·å°åƒ--çš‡ååŒºï¼Œæ³•æ‹‰ç››,https://www.dadi360.com/news/posts/list/463385.page
çº½çº¦ä¸­é¤é¦†Â·å°åƒ -- å¸ƒç¢Œä»‘ (Brooklyn),https://www.dadi360.com/news/posts/list/463385.page
ç»¿å¡å®¡æ‰¹è¢«å…¨é¢å†»ç»“ 83åç§»æ°‘æèµ·è¯‰è®¼,https://www.dadi360.com/news/posts/list/463385.page
ç§Ÿæˆ¿(è‰¾å§†èµ«æ–¯ç‰¹Elmhurst),https://www.dadi360.com/news/posts/list/463384.page
ç§Ÿæˆ¿(çš‡åQueens)åŠå…¶å®ƒåŒº,https://www.dadi360.com/news/posts/list/463384.page
çº½çº¦ä¸­é¤é¦†Â·å°åƒ--çš‡ååŒºï¼Œæ³•æ‹‰ç››,https://www.dadi360.com/news/posts/list/463384.page
çº½çº¦ä¸­é¤é¦†Â·å°åƒ -- å¸ƒç¢Œä»‘ (Brooklyn),https://www.dadi360.com/news/posts/list/463384.page
ç§Ÿæˆ¿(è‰¾å§†èµ«æ–¯ç‰¹Elmhurst),https://www.dadi360.com/news/posts/list/463383.page
ç§Ÿæˆ¿(çš‡åQueens)åŠå…¶å®ƒåŒº,https://www.dadi360.com/news/posts/list/463383.page
çº½çº¦ä¸­é¤é¦†Â·å°åƒ--çš‡ååŒºï¼Œæ³•æ‹‰ç››,https://www.dadi360.com/news/posts/list/463383.page
çº½çº¦ä¸­é¤é¦†Â·å°åƒ -- å¸ƒç¢Œä»‘ (Brooklyn),https://www.dadi360.com/news/posts/list/463383.page
ç§Ÿæˆ¿(è‰¾å§†èµ«æ–¯ç‰¹Elmhurst),https://www.dadi360.com/news/posts/list/463382.page
ç§Ÿæˆ¿(çš‡åQueens)åŠå…¶å®ƒåŒº,https://www.dadi360.com/news/posts/list/463382.page
çº½çº¦ä¸­é¤é¦†Â·å°åƒ--çš‡ååŒºï¼Œæ³•æ‹‰ç››,https://www.dadi360.com/news/posts/list/463382.page
çº½çº¦ä¸­é¤é¦†Â·å°åƒ -- å¸ƒç¢Œä»‘ (Brooklyn),https://www.dadi360.com/news/posts/list/463382.page
ç§Ÿæˆ¿(è‰¾å§†èµ«æ–¯ç‰¹Elmhurst),https://www.dadi360.com/news/posts/list/463381.page
ç§Ÿæˆ¿(çš‡åQueens)åŠå…¶å®ƒåŒº,https://www.dadi360.com/news/posts/list/463381.page
çº½çº¦ä¸­é¤é¦†Â·å°åƒ--çš‡ååŒºï¼Œæ³•æ‹‰ç››,https://www.dadi360.com/news/posts/list/463381.page
çº½çº¦ä¸­é¤é¦†Â·å°åƒ -- å¸ƒç¢Œä»‘ (Brooklyn),https://www.dadi360.com/news/posts/list/463381.page
ç¾è”å‚¨ä¸»å¸­é²å¨å°”æ­£åœ¨è¢«åˆ‘äº‹è°ƒæŸ¥ æœ¬äººå›åº”äº†,https://www.dadi360.com/news/posts/list/463381.page
ç§Ÿæˆ¿(è‰¾å§†èµ«æ–¯ç‰¹Elmhurst),https://c.dadi360.com/c/posts/list/3299244.page
ç§Ÿæˆ¿(çš‡åQueens)åŠå…¶å®ƒåŒº,https://c.dadi360.com/c/posts/list/3299244.page
çº½çº¦ä¸­é¤é¦†Â·å°åƒ--çš‡ååŒºï¼Œæ³•æ‹‰ç››,https://c.dadi360.com/c/posts/list/3299244.page
çº½çº¦ä¸­é¤é¦†Â·å°åƒ -- å¸ƒç¢Œä»‘ (Brooklyn),https://c.dadi360.com/c/posts/list/3299244.page
æ‰è‰ºç­Â·èŒä¸šæŠ€æœ¯åŸ¹è®­Â·æ‹›å­¦å¾’â€¢é™ªç»ƒÂ·æˆäººè‹±è¯­,https://c.dadi360.com/c/posts/list/3299244.page
ğŸ’¥æ˜æ˜ŸåŒ»ç¾å­¦é™¢ ç¾å®¹é’ˆå‰‚ç­ é•­å°„ç¾å®¹æ‰§ç…§ç­ PRPä¸“ç§‘ç­ ğŸˆ¸å¾®æ•´é’ˆå‰‚æ³¨å°„ç­ + çº¿é›•ç²¾å“ç­,https://c.dadi360.com/c/posts/list/3299244.page
æ‰è‰ºç­Â·èŒä¸šæŠ€æœ¯åŸ¹è®­Â·æ‹›å­¦å¾’â€¢é™ªç»ƒÂ·æˆäººè‹±è¯­,https://c.dadi360.com/c/posts/list/3299244.page
ç§Ÿæˆ¿(è‰¾å§†èµ«æ–¯ç‰¹Elmhurst),https://c.dadi360.com/c/posts/list/3996738.page
ç§Ÿæˆ¿(çš‡åQueens)åŠå…¶å®ƒåŒº,https://c.dadi360.com/c/posts/list/3996738.page
çº½çº¦ä¸­é¤é¦†Â·å°åƒ--çš‡ååŒºï¼Œæ³•æ‹‰ç››,https://c.dadi360.com/c/posts/list/3996738.page
çº½çº¦ä¸­é¤é¦†Â·å°åƒ -- å¸ƒç¢Œä»‘ (Brooklyn),https://c.dadi360.com/c/posts/list/3996738.page
å‘å»Šè¯·äººâ€¢ç¾ç«â€¢ç¾å®¹â€¢çº¹èº«åº—è¯·äºº,https://c.dadi360.com/c/posts/list/3996738.page
ğŸ“•å…¨ç“·è´´é¢åŸ¹è®­ ç‰™ç§‘è‡¨åºŠæ‡‰ç”¨ çœŸäººå¯¦æ“ç·´ç¿’ æä¾›ç•™åº—ç™¼å±•ï½œåºŠä½åˆ†ç§Ÿï½œåŠ ç›Ÿåˆä½œ,https://c.dadi360.com/c/posts/list/3996738.page
å‘å»Šè¯·äººâ€¢ç¾ç«â€¢ç¾å®¹â€¢çº¹èº«åº—è¯·äºº,https://c.dadi360.com/c/posts/list/3996738.page
ç§Ÿæˆ¿(è‰¾å§†èµ«æ–¯ç‰¹Elmhurst),https://www.dadi360.com/news/posts/list/463380.page
ç§Ÿæˆ¿(çš‡åQueens)åŠå…¶å®ƒåŒº,https://www.dadi360.com/news/posts/list/463380.page
çº½çº¦ä¸­é¤é¦†Â·å°åƒ--çš‡ååŒºï¼Œæ³•æ‹‰ç››,https://www.dadi360.com/news/posts/list/463380.page
çº½çº¦ä¸­é¤é¦†Â·å°åƒ -- å¸ƒç¢Œä»‘ (Brooklyn),https://www.dadi360.com/news/posts/list/463380.page
ä¼Šæœ—é•‡å‹ç¤ºå¨è€…æå·²6åƒæ­» ç¤¾ç¾¤å½±ç‰‡æ­å°¸ä½“æˆå †,https://www.dadi360.com/news/posts/list/463380.page
ç§Ÿæˆ¿(è‰¾å§†èµ«æ–¯ç‰¹Elmhurst),https://www.dadi360.com/news/posts/list/463379.page
ç§Ÿæˆ¿(çš‡åQueens)åŠå…¶å®ƒåŒº,https://www.dadi360.com/news/posts/list/463379.page
çº½çº¦ä¸­é¤é¦†Â·å°åƒ--çš‡ååŒºï¼Œæ³•æ‹‰ç››,https://www.dadi360.com/news/posts/list/463379.page
çº½çº¦ä¸­é¤é¦†Â·å°åƒ -- å¸ƒç¢Œä»‘ (Brooklyn),https://www.dadi360.com/news/posts/list/463379.page
ç¾å›½å¸æ³•éƒ¨å¯¹é˜¿å¯Œæ±—å«Œç–‘äººæå‡ºæ–°æŒ‡æ§,https://www.dadi360.com/news/posts/list/463379.page
ç§Ÿæˆ¿(è‰¾å§†èµ«æ–¯ç‰¹Elmhurst),https://www.dadi360.com/news/posts/list/463378.page
ç§Ÿæˆ¿(çš‡åQueens)åŠå…¶å®ƒåŒº,https://www.dadi360.com/news/posts/list/463378.page
çº½çº¦ä¸­é¤é¦†Â·å°åƒ--çš‡ååŒºï¼Œæ³•æ‹‰ç››,https://www.dadi360.com/news/posts/list/463378.page
çº½çº¦ä¸­é¤é¦†Â·å°åƒ -- å¸ƒç¢Œä»‘ (Brooklyn),https://www.dadi360.com/news/posts/list/463378.page
æˆç«‹å…¬å¸è¿˜ä¸ºæœé²œè´­ä¹°æ­¦å™¨ï¼ä¸­å›½ç•™å­¦ç”Ÿé¢ä¸´é‡å‹,https://www.dadi360.com/news/posts/list/463378.page
ç§Ÿæˆ¿(è‰¾å§†èµ«æ–¯ç‰¹Elmhurst),https://www.dadi360.com/news/posts/list/463377.page
ç§Ÿæˆ¿(çš‡åQueens)åŠå…¶å®ƒåŒº,https://www.dadi360.com/news/posts/list/463377.page
çº½çº¦ä¸­é¤é¦†Â·å°åƒ--çš‡ååŒºï¼Œæ³•æ‹‰ç››,https://www.dadi360.com/news/posts/list/463377.page
çº½çº¦ä¸­é¤é¦†Â·å°åƒ -- å¸ƒç¢Œä»‘ (Brooklyn),https://www.dadi360.com/news/posts/list/463377.page
é•‡å‹â€œæç«¯è¡€è…¥â€ ä¼Šæœ—æ»¡åœ°å°¸ä½“ç”»é¢æµå‡º,https://www.dadi360.com/news/posts/list/463377.page
ç§Ÿæˆ¿(è‰¾å§†èµ«æ–¯ç‰¹Elmhurst),https://www.dadi360.com/news/posts/list/463368.page
ç§Ÿæˆ¿(çš‡åQueens)åŠå…¶å®ƒåŒº,https://www.dadi360.com/news/posts/list/463368.page
çº½çº¦ä¸­é¤é¦†Â·å°åƒ--çš‡ååŒºï¼Œæ³•æ‹‰ç››,https://www.dadi360.com/news/posts/list/463368.page
çº½çº¦ä¸­é¤é¦†Â·å°åƒ -- å¸ƒç¢Œä»‘ (Brooklyn),https://www.dadi360.com/news/posts/list/463368.page
çº½çº¦ä¸¥æ‰“é—¯çº¢ç¯ï¼Œå¹´åº•æ‘„åƒå¤´æ‰©å®¹å››å€,https://www.dadi360.com/news/posts/list/463368.page
ç§Ÿæˆ¿(è‰¾å§†èµ«æ–¯ç‰¹Elmhurst),https://www.dadi360.com/news/posts/list/463367.page
ç§Ÿæˆ¿(çš‡åQueens)åŠå…¶å®ƒåŒº,https://www.dadi360.com/news/posts/list/463367.page
çº½çº¦ä¸­é¤é¦†Â·å°åƒ--çš‡ååŒºï¼Œæ³•æ‹‰ç››,https://www.dadi360.com/news/posts/list/463367.page
çº½çº¦ä¸­é¤é¦†Â·å°åƒ -- å¸ƒç¢Œä»‘ (Brooklyn),https://www.dadi360.com/news/posts/list/463367.page
ç§Ÿæˆ¿(è‰¾å§†èµ«æ–¯ç‰¹Elmhurst),https://www.dadi360.com/news/posts/list/463366.page
ç§Ÿæˆ¿(çš‡åQueens)åŠå…¶å®ƒåŒº,https://www.dadi360.com/news/posts/list/463366.page
çº½çº¦ä¸­é¤é¦†Â·å°åƒ--çš‡ååŒºï¼Œæ³•æ‹‰ç››,https://www.dadi360.com/news/posts/list/463366.page
çº½çº¦ä¸­é¤é¦†Â·å°åƒ -- å¸ƒç¢Œä»‘ (Brooklyn),https://www.dadi360.com/news/posts/list/463366.page
å‘å¸ƒè‡ªå·±è‰²æƒ…å›¾ç‰‡ï¼Œçº½çº¦æ–°è­¦å‘˜æˆ–è¢«è§£é›‡,https://www.dadi360.com/news/posts/list/463366.page
ç§Ÿæˆ¿(è‰¾å§†èµ«æ–¯ç‰¹Elmhurst),https://www.dadi360.com/news/posts/list/463365.page
ç§Ÿæˆ¿(çš‡åQueens)åŠå…¶å®ƒåŒº,https://www.dadi360.com/news/posts/list/463365.page
çº½çº¦ä¸­é¤é¦†Â·å°åƒ--çš‡ååŒºï¼Œæ³•æ‹‰ç››,https://www.dadi360.com/news/posts/list/463365.page
çº½çº¦ä¸­é¤é¦†Â·å°åƒ -- å¸ƒç¢Œä»‘ (Brooklyn),https://www.dadi360.com/news/posts/list/463365.page
ç§Ÿæˆ¿(è‰¾å§†èµ«æ–¯ç‰¹Elmhurst),https://c.dadi360.com/c/posts/list/1608698.page
ç§Ÿæˆ¿(çš‡åQueens)åŠå…¶å®ƒåŒº,https://c.dadi360.com/c/posts/list/1608698.page
çº½çº¦ä¸­é¤é¦†Â·å°åƒ--çš‡ååŒºï¼Œæ³•æ‹‰ç››,https://c.dadi360.com/c/posts/list/1608698.page
çº½çº¦ä¸­é¤é¦†Â·å°åƒ -- å¸ƒç¢Œä»‘ (Brooklyn),https://c.dadi360.com/c/posts/list/1608698.page
âš ï¸ã€å››å­£ä¿é™©ã€‘å…¨ç¾48å·æ‰§ç…§âœ…40å¤šå®¶Açº§ä¿é™©ä»£ç†âœ…ä¸“ä¸šæä¾›â­ï¸æ±½è»Šâ­ï¸æˆ¿å±‹â­ï¸å•†æ¥­â­ï¸åŠ³å·¥å„ç±»ä¿é™©,https://c.dadi360.com/c/posts/list/1608698.page
https://www.sijiny.com/,https://c.dadi360.com/c/posts/list/1608698.page
https://www.sijiny.com/blank-34,https://c.dadi360.com/c/posts/list/1608698.page
https://www.sijiny.com/get-a-quote,https://c.dadi360.com/c/posts/list/1608698.page
å›å¤:å››å­£ä¿é™©ï¼šæ±½è½¦ä¿é™©|æˆ¿å±‹ä¿é™©|å•†ä¸šä¿é™©|åŠ³å·¥ä¿é™©|TLCä¿é™©|äººå¯¿ä¿é™©|å¤§å­¦åŸºé‡‘|é€€ä¼‘è®¡åˆ’,https://c.dadi360.com/c/posts/list/1608698.page
å›å¤:âš ï¸ã€å››å­£ä¿é™©ã€‘å…¨ç¾23å·æ‰§ç…§âœ…40å¤šå®¶Açº§ä¿é™©ä»£ç†âœ…ä¸“ä¸šæä¾›â­ï¸æ±½è»Šâ­ï¸æˆ¿å±‹â­ï¸å•†æ¥­â­ï¸åŠ³å·¥â­ï¸äººå¯¿åŠå…¶ä»–å„ç±»ä¿é™©,https://c.dadi360.com/c/posts/list/1608698.page
ç§Ÿæˆ¿(è‰¾å§†èµ«æ–¯ç‰¹Elmhurst),https://c.dadi360.com/c/posts/list/3981527.page
ç§Ÿæˆ¿(çš‡åQueens)åŠå…¶å®ƒåŒº,https://c.dadi360.com/c/posts/list/3981527.page
çº½çº¦ä¸­é¤é¦†Â·å°åƒ--çš‡ååŒºï¼Œæ³•æ‹‰ç››,https://c.dadi360.com/c/posts/list/3981527.page
çº½çº¦ä¸­é¤é¦†Â·å°åƒ -- å¸ƒç¢Œä»‘ (Brooklyn),https://c.dadi360.com/c/posts/list/3981527.page
æ¨æ‹¿æŒ‰æ‘©Â·åºŠè„šåº—Â·SpaÂ·å¤´ç–—è¯·äººÂ·è¯·å‰å°Â·æŒ‰æ‘©åº—è¯·å¸æœº,https://c.dadi360.com/c/posts/list/3981527.page
"èœœæ‚¦æˆäººç”¨å“ç²¾é€‰æ½®æµå“ç‰Œ,æƒ…è¶£æœé¥°ï¼Œåç‰Œä¼Ÿå“¥ï¼Œå»¶æ—¶å–·å‰‚ï¼Œå„ç±»æƒ…è¶£ç”¨å“ï¼Œæé«˜æ€§æ¬²å¢åŠ æ€§ç¦",https://c.dadi360.com/c/posts/list/3981527.page
"å›å¤:èœœæ‚¦æˆäººç”¨å“ç²¾é€‰æ½®æµå“ç‰Œ,æƒ…è¶£æœé¥°ï¼Œåç‰Œä¼Ÿå“¥ï¼Œå»¶æ—¶å–·å‰‚ï¼Œå„ç±»æƒ…è¶£ç”¨å“ï¼Œæé«˜æ€§æ¬²å¢åŠ æ€§ç¦",https://c.dadi360.com/c/posts/list/3981527.page
æ¨æ‹¿æŒ‰æ‘©Â·åºŠè„šåº—Â·SpaÂ·å¤´ç–—è¯·äººÂ·è¯·å‰å°Â·æŒ‰æ‘©åº—è¯·å¸æœº,https://c.dadi360.com/c/posts/list/3981527.page
ç§Ÿæˆ¿(è‰¾å§†èµ«æ–¯ç‰¹Elmhurst),https://www.dadi360.com/news/posts/list/463364.page
ç§Ÿæˆ¿(çš‡åQueens)åŠå…¶å®ƒåŒº,https://www.dadi360.com/news/posts/list/463364.page
çº½çº¦ä¸­é¤é¦†Â·å°åƒ--çš‡ååŒºï¼Œæ³•æ‹‰ç››,https://www.dadi360.com/news/posts/list/463364.page
çº½çº¦ä¸­é¤é¦†Â·å°åƒ -- å¸ƒç¢Œä»‘ (Brooklyn),https://www.dadi360.com/news/posts/list/463364.page
åœ¨ç¾å…³æŠ¼é€¾1å‘¨åï¼Œé©¬æœç½—é¦–åº¦å‘å£°,https://www.dadi360.com/news/posts/list/463364.page
ç§Ÿæˆ¿(è‰¾å§†èµ«æ–¯ç‰¹Elmhurst),https://www.dadi360.com/news/posts/list/463363.page
ç§Ÿæˆ¿(çš‡åQueens)åŠå…¶å®ƒåŒº,https://www.dadi360.com/news/posts/list/463363.page
çº½çº¦ä¸­é¤é¦†Â·å°åƒ--çš‡ååŒºï¼Œæ³•æ‹‰ç››,https://www.dadi360.com/news/posts/list/463363.page
çº½çº¦ä¸­é¤é¦†Â·å°åƒ -- å¸ƒç¢Œä»‘ (Brooklyn),https://www.dadi360.com/news/posts/list/463363.page
ICEå‘æˆ‘ä»¬æ‰€æœ‰äººä¼ é€’äº†ä¸€ä¸ªè®¯å·,https://www.dadi360.com/news/posts/list/463363.page
ç§Ÿæˆ¿(è‰¾å§†èµ«æ–¯ç‰¹Elmhurst),https://www.dadi360.com/news/posts/list/463362.page
ç§Ÿæˆ¿(çš‡åQueens)åŠå…¶å®ƒåŒº,https://www.dadi360.com/news/posts/list/463362.page
çº½çº¦ä¸­é¤é¦†Â·å°åƒ--çš‡ååŒºï¼Œæ³•æ‹‰ç››,https://www.dadi360.com/news/posts/list/463362.page
çº½çº¦ä¸­é¤é¦†Â·å°åƒ -- å¸ƒç¢Œä»‘ (Brooklyn),https://www.dadi360.com/news/posts/list/463362.page
å·æ™®å®£å¸ƒå›½å®¶ç´§æ€¥çŠ¶æ€ æŠ¢å…ˆå°é˜»æ³•é™¢,https://www.dadi360.com/news/posts/list/463362.page
ç§Ÿæˆ¿(è‰¾å§†èµ«æ–¯ç‰¹Elmhurst),https://www.dadi360.com/news/posts/list/463361.page
ç§Ÿæˆ¿(çš‡åQueens)åŠå…¶å®ƒåŒº,https://www.dadi360.com/news/posts/list/463361.page
çº½çº¦ä¸­é¤é¦†Â·å°åƒ--çš‡ååŒºï¼Œæ³•æ‹‰ç››,https://www.dadi360.com/news/posts/list/463361.page
çº½çº¦ä¸­é¤é¦†Â·å°åƒ -- å¸ƒç¢Œä»‘ (Brooklyn),https://www.dadi360.com/news/posts/list/463361.page
ä¼Šæœ—ä¸ºâ€œçƒˆå£«â€å“€æ‚¼3å¤© è¦ä»¥æ¸¸è¡Œå¯¹æŠ—æ¸¸è¡Œ,https://www.dadi360.com/news/posts/list/463361.page
ç§Ÿæˆ¿(è‰¾å§†èµ«æ–¯ç‰¹Elmhurst),https://www.dadi360.com/news/posts/list/463360.page
ç§Ÿæˆ¿(çš‡åQueens)åŠå…¶å®ƒåŒº,https://www.dadi360.com/news/posts/list/463360.page
çº½çº¦ä¸­é¤é¦†Â·å°åƒ--çš‡ååŒºï¼Œæ³•æ‹‰ç››,https://www.dadi360.com/news/posts/list/463360.page
çº½çº¦ä¸­é¤é¦†Â·å°åƒ -- å¸ƒç¢Œä»‘ (Brooklyn),https://www.dadi360.com/news/posts/list/463360.page
ç§Ÿæˆ¿(è‰¾å§†èµ«æ–¯ç‰¹Elmhurst),https://www.dadi360.com/news/posts/list/463359.page
ç§Ÿæˆ¿(çš‡åQueens)åŠå…¶å®ƒåŒº,https://www.dadi360.com/news/posts/list/463359.page
çº½çº¦ä¸­é¤é¦†Â·å°åƒ--çš‡ååŒºï¼Œæ³•æ‹‰ç››,https://www.dadi360.com/news/posts/list/463359.page
çº½çº¦ä¸­é¤é¦†Â·å°åƒ -- å¸ƒç¢Œä»‘ (Brooklyn),https://www.dadi360.com/news/posts/list/463359.page
â€œæ¥ç®¡â€è¿æ²³ å·´æ‹¿é©¬å’Œç¾å›½å°†è”åˆå†›äº‹æ¼”ä¹ ,https://www.dadi360.com/news/posts/list/463359.page
ç§Ÿæˆ¿(è‰¾å§†èµ«æ–¯ç‰¹Elmhurst),https://www.dadi360.com/news/posts/list/463358.page
ç§Ÿæˆ¿(çš‡åQueens)åŠå…¶å®ƒåŒº,https://www.dadi360.com/news/posts/list/463358.page
çº½çº¦ä¸­é¤é¦†Â·å°åƒ--çš‡ååŒºï¼Œæ³•æ‹‰ç››,https://www.dadi360.com/news/posts/list/463358.page
çº½çº¦ä¸­é¤é¦†Â·å°åƒ -- å¸ƒç¢Œä»‘ (Brooklyn),https://www.dadi360.com/news/posts/list/463358.page
é€ƒæ— å¯é€ƒï¼Ÿ12è‰˜æ²¹è½®é‡è¿”å§”å†…ç‘æ‹‰,https://www.dadi360.com/news/posts/list/463358.page
ç§Ÿæˆ¿(è‰¾å§†èµ«æ–¯ç‰¹Elmhurst),https://www.dadi360.com/news/posts/list/463357.page
ç§Ÿæˆ¿(çš‡åQueens)åŠå…¶å®ƒåŒº,https://www.dadi360.com/news/posts/list/463357.page
çº½çº¦ä¸­é¤é¦†Â·å°åƒ--çš‡ååŒºï¼Œæ³•æ‹‰ç››,https://www.dadi360.com/news/posts/list/463357.page
çº½çº¦ä¸­é¤é¦†Â·å°åƒ -- å¸ƒç¢Œä»‘ (Brooklyn),https://www.dadi360.com/news/posts/list/463357.page
æœ€æ–°ï¼šä¼Šæœ—è‡³å°‘538äººå‘½ä¸§é•‡å‹ï¼Œé€¾ä¸‡äººè¢«æŠ“,https://www.dadi360.com/news/posts/list/463357.page
ç§Ÿæˆ¿(è‰¾å§†èµ«æ–¯ç‰¹Elmhurst),https://c.dadi360.com/c/posts/list/3649709.page
ç§Ÿæˆ¿(çš‡åQueens)åŠå…¶å®ƒåŒº,https://c.dadi360.com/c/posts/list/3649709.page
çº½çº¦ä¸­é¤é¦†Â·å°åƒ--çš‡ååŒºï¼Œæ³•æ‹‰ç››,https://c.dadi360.com/c/posts/list/3649709.page
çº½çº¦ä¸­é¤é¦†Â·å°åƒ -- å¸ƒç¢Œä»‘ (Brooklyn),https://c.dadi360.com/c/posts/list/3649709.page
èµ„æ·±å¾‹å¸ˆ å„ç§å‡ºåº­è¯‰è®¼ï¼Œç¦»å©šï¼ŒåˆåŒï¼Œæˆ¿ä¸œæˆ¿å®¢ï¼Œç ´äº§ï¼Œå€ºåŠ¡å¤„ç†ï¼Œç­‰,https://c.dadi360.com/c/posts/list/3649709.page
zhulaw@gmail.com,https://c.dadi360.com/c/posts/list/3649709.page
å›å¤:èµ„æ·±å¾‹å¸ˆ å„ç§å‡ºåº­è¯‰è®¼ï¼Œç¦»å©šï¼ŒåˆåŒï¼Œæˆ¿ä¸œæˆ¿å®¢ï¼Œç ´äº§ï¼Œå€ºåŠ¡å¤„ç†ï¼Œç­‰,https://c.dadi360.com/c/posts/list/3649709.page
ç§Ÿæˆ¿(è‰¾å§†èµ«æ–¯ç‰¹Elmhurst),https://www.dadi360.com/news/posts/list/463349.page
ç§Ÿæˆ¿(çš‡åQueens)åŠå…¶å®ƒåŒº,https://www.dadi360.com/news/posts/list/463349.page
çº½çº¦ä¸­é¤é¦†Â·å°åƒ--çš‡ååŒºï¼Œæ³•æ‹‰ç››,https://www.dadi360.com/news/posts/list/463349.page
çº½çº¦ä¸­é¤é¦†Â·å°åƒ -- å¸ƒç¢Œä»‘ (Brooklyn),https://www.dadi360.com/news/posts/list/463349.page
çº½çº¦Verizoné«˜è–ªæ‹›è˜ï¼ŒåŒè¯­è€…å†åŠ è–ª,https://www.dadi360.com/news/posts/list/463349.page
https://mycareer.verizon.com/jobs/,https://www.dadi360.com/news/posts/list/463349.page
ç§Ÿæˆ¿(è‰¾å§†èµ«æ–¯ç‰¹Elmhurst),https://www.dadi360.com/news/posts/list/463348.page
ç§Ÿæˆ¿(çš‡åQueens)åŠå…¶å®ƒåŒº,https://www.dadi360.com/news/posts/list/463348.page
çº½çº¦ä¸­é¤é¦†Â·å°åƒ--çš‡ååŒºï¼Œæ³•æ‹‰ç››,https://www.dadi360.com/news/posts/list/463348.page
çº½çº¦ä¸­é¤é¦†Â·å°åƒ -- å¸ƒç¢Œä»‘ (Brooklyn),https://www.dadi360.com/news/posts/list/463348.page
è§†è§‰è°ƒæŸ¥â€”â€”ICE æ‹¦æˆªå¦‚ä½•å‡çº§ä¸ºæªå‡»ï¼Ÿ,https://www.dadi360.com/news/posts/list/463348.page
ç§Ÿæˆ¿(è‰¾å§†èµ«æ–¯ç‰¹Elmhurst),https://www.dadi360.com/news/posts/list/463347.page
ç§Ÿæˆ¿(çš‡åQueens)åŠå…¶å®ƒåŒº,https://www.dadi360.com/news/posts/list/463347.page
çº½çº¦ä¸­é¤é¦†Â·å°åƒ--çš‡ååŒºï¼Œæ³•æ‹‰ç››,https://www.dadi360.com/news/posts/list/463347.page
çº½çº¦ä¸­é¤é¦†Â·å°åƒ -- å¸ƒç¢Œä»‘ (Brooklyn),https://www.dadi360.com/news/posts/list/463347.page
çº½çº¦è¿å‘æ¶‰è­¦æªå‡»æ¡ˆï¼Œå¸‚é•¿ååº”å¼•è´¨ç–‘,https://www.dadi360.com/news/posts/list/463347.page
ç§Ÿæˆ¿(è‰¾å§†èµ«æ–¯ç‰¹Elmhurst),https://www.dadi360.com/news/posts/list/463346.page
ç§Ÿæˆ¿(çš‡åQueens)åŠå…¶å®ƒåŒº,https://www.dadi360.com/news/posts/list/463346.page
çº½çº¦ä¸­é¤é¦†Â·å°åƒ--çš‡ååŒºï¼Œæ³•æ‹‰ç››,https://www.dadi360.com/news/posts/list/463346.page
çº½çº¦ä¸­é¤é¦†Â·å°åƒ -- å¸ƒç¢Œä»‘ (Brooklyn),https://www.dadi360.com/news/posts/list/463346.page
ç§Ÿæˆ¿(è‰¾å§†èµ«æ–¯ç‰¹Elmhurst),https://www.dadi360.com/news/posts/list/463345.page
ç§Ÿæˆ¿(çš‡åQueens)åŠå…¶å®ƒåŒº,https://www.dadi360.com/news/posts/list/463345.page
çº½çº¦ä¸­é¤é¦†Â·å°åƒ--çš‡ååŒºï¼Œæ³•æ‹‰ç››,https://www.dadi360.com/news/posts/list/463345.page
çº½çº¦ä¸­é¤é¦†Â·å°åƒ -- å¸ƒç¢Œä»‘ (Brooklyn),https://www.dadi360.com/news/posts/list/463345.page
ç”·å­äº¤é€šäº‹æ•…åæŒå‡æªä¸è­¦å¯¹å³™ï¼Œè¢«å‡»æ¯™,https://www.dadi360.com/news/posts/list/463345.page
ç§Ÿæˆ¿(è‰¾å§†èµ«æ–¯ç‰¹Elmhurst),https://www.dadi360.com/news/posts/list/463344.page
ç§Ÿæˆ¿(çš‡åQueens)åŠå…¶å®ƒåŒº,https://www.dadi360.com/news/posts/list/463344.page
çº½çº¦ä¸­é¤é¦†Â·å°åƒ--çš‡ååŒºï¼Œæ³•æ‹‰ç››,https://www.dadi360.com/news/posts/list/463344.page
çº½çº¦ä¸­é¤é¦†Â·å°åƒ -- å¸ƒç¢Œä»‘ (Brooklyn),https://www.dadi360.com/news/posts/list/463344.page
åŠ³å·¥éƒ¨é•¿æ»¥ç”¨èŒæƒå©šå†…å‡ºè½¨è¢«è°ƒæŸ¥ï¼Ÿ,https://www.dadi360.com/news/posts/list/463344.page
ç§Ÿæˆ¿(è‰¾å§†èµ«æ–¯ç‰¹Elmhurst),https://www.dadi360.com/news/posts/list/463343.page
ç§Ÿæˆ¿(çš‡åQueens)åŠå…¶å®ƒåŒº,https://www.dadi360.com/news/posts/list/463343.page
çº½çº¦ä¸­é¤é¦†Â·å°åƒ--çš‡ååŒºï¼Œæ³•æ‹‰ç››,https://www.dadi360.com/news/posts/list/463343.page
çº½çº¦ä¸­é¤é¦†Â·å°åƒ -- å¸ƒç¢Œä»‘ (Brooklyn),https://www.dadi360.com/news/posts/list/463343.page
å·æ™®å†»ç»“5æ°‘ä¸»å…šå·è¡¥åŠ©ï¼Œæ³•å®˜è£å®šæš‚åœ,https://www.dadi360.com/news/posts/list/463343.page
ç§Ÿæˆ¿(è‰¾å§†èµ«æ–¯ç‰¹Elmhurst),https://www.dadi360.com/news/posts/list/463342.page
ç§Ÿæˆ¿(çš‡åQueens)åŠå…¶å®ƒåŒº,https://www.dadi360.com/news/posts/list/463342.page
çº½çº¦ä¸­é¤é¦†Â·å°åƒ--çš‡ååŒºï¼Œæ³•æ‹‰ç››,https://www.dadi360.com/news/posts/list/463342.page
çº½çº¦ä¸­é¤é¦†Â·å°åƒ -- å¸ƒç¢Œä»‘ (Brooklyn),https://www.dadi360.com/news/posts/list/463342.page
åäººæŠ“é¾™è™¾ å¤±è¸ª5å¤©å 100å…¬é‡Œå¤–å‘ç°åªå‰©å¤´é¢…,https://www.dadi360.com/news/posts/list/463342.page
ç§Ÿæˆ¿(è‰¾å§†èµ«æ–¯ç‰¹Elmhurst),https://www.dadi360.com/news/posts/list/463341.page
ç§Ÿæˆ¿(çš‡åQueens)åŠå…¶å®ƒåŒº,https://www.dadi360.com/news/posts/list/463341.page
çº½çº¦ä¸­é¤é¦†Â·å°åƒ--çš‡ååŒºï¼Œæ³•æ‹‰ç››,https://www.dadi360.com/news/posts/list/463341.page
çº½çº¦ä¸­é¤é¦†Â·å°åƒ -- å¸ƒç¢Œä»‘ (Brooklyn),https://www.dadi360.com/news/posts/list/463341.page
ä¼Šæœ—æ–­ç½‘è¶…36å°æ—¶ ä¼ ä»…é¦–éƒ½å°±æœ‰217äººä¸§å‘½,https://www.dadi360.com/news/posts/list/463341.page
